"날짜","종가","시가","고가","저가","거래량","변동 %"
"2025- 09- 18","353,000","338,500","357,000","336,500","4.14M","5.85%"
"2025- 09- 17","333,500","341,000","342,500","333,500","4.35M","-4.17%"
"2025- 09- 16","348,000","331,500","354,000","331,500","5.71M","5.14%"
"2025- 09- 15","331,000","339,500","341,500","325,000","4.18M","0.76%"
"2025- 09- 12","328,500","322,000","329,500","319,000","4.20M","7.00%"
"2025- 09- 11","307,000","310,000","315,000","305,500","4.87M","0.99%"
"2025- 09- 10","304,000","294,500","305,000","293,000","5.26M","5.56%"
"2025- 09- 09","288,000","278,000","288,500","277,000","3.98M","3.97%"
"2025- 09- 08","277,000","278,500","279,000","274,000","2.02M","1.28%"
"2025- 09- 05","273,500","273,000","275,000","272,000","3.04M","3.01%"
"2025- 09- 04","265,500","267,000","271,000","264,500","2.19M","1.14%"
"2025- 09- 03","262,500","259,500","265,500","257,750","2.42M","0.77%"
"2025- 09- 02","260,500","256,000","261,500","256,000","1.58M","1.76%"
"2025- 09- 01","256,000","259,500","261,000","255,000","1.78M","-4.83%"
"2025- 08- 29","269,000","268,000","270,000","266,000","1.80M","0.19%"
"2025- 08- 28","268,500","254,000","268,500","253,000","2.92M","3.27%"
"2025- 08- 27","260,000","259,000","261,000","256,000","2.56M","-0.57%"
"2025- 08- 26","261,500","259,500","262,500","257,000","2.00M","0.77%"
"2025- 08- 25","259,500","256,000","261,500","254,000","2.75M","3.39%"
"2025- 08- 22","251,000","245,500","252,500","245,500","3.06M","2.45%"
"2025- 08- 21","245,000","246,500","251,000","245,000","5.93M","-4.11%"
"2025- 08- 20","255,500","254,500","257,000","251,000","3.41M","-2.85%"
"2025- 08- 19","263,000","268,500","270,000","261,500","1.69M","-1.68%"
"2025- 08- 18","267,500","272,000","272,000","267,000","1.93M","-3.25%"
"2025- 08- 14","276,500","277,500","277,500","270,500","2.08M","-0.54%"
"2025- 08- 13","278,000","278,000","279,000","274,000","3.46M","3.35%"
"2025- 08- 12","269,000","268,000","276,000","267,500","2.99M","0.75%"
"2025- 08- 11","267,000","260,500","267,500","260,000","2.27M","4.09%"
"2025- 08- 08","256,500","262,000","266,000","255,500","2.63M","-2.10%"
"2025- 08- 07","262,000","258,000","263,000","250,000","2.71M","1.35%"
"2025- 08- 06","258,500","260,500","260,500","257,500","1.37M","-1.90%"
"2025- 08- 05","263,500","264,000","264,500","260,500","2.11M","2.13%"
"2025- 08- 04","258,000","254,500","260,000","254,000","2.28M","0.00%"
"2025- 08- 01","258,000","266,000","267,000","257,000","3.18M","-5.67%"
"2025- 07- 31","273,500","271,000","274,000","265,500","3.47M","3.80%"
"2025- 07- 30","263,500","263,000","266,000","260,500","2.48M","0.38%"
"2025- 07- 29","262,500","254,500","265,000","254,500","2.89M","0.19%"
"2025- 07- 28","262,000","261,000","265,500","258,500","2.88M","-1.50%"
"2025- 07- 25","266,000","273,000","275,000","265,500","2.17M","-1.30%"
"2025- 07- 24","269,500","277,000","279,000","269,000","3.64M","0.19%"
"2025- 07- 23","269,000","267,500","271,000","264,500","3.08M","0.19%"
"2025- 07- 22","268,500","273,000","273,500","267,000","2.98M","-1.47%"
"2025- 07- 21","272,500","267,500","274,500","266,500","2.42M","1.30%"
"2025- 07- 18","269,000","270,000","275,000","267,000","5.25M","-0.19%"
"2025- 07- 17","269,500","283,500","289,500","268,000","9.27M","-8.95%"
"2025- 07- 16","296,000","298,500","299,500","292,500","2.81M","-0.84%"
"2025- 07- 15","298,500","296,000","298,500","290,000","4.02M","-0.50%"
"2025- 07- 14","300,000","292,500","302,500","292,500","2.94M","1.87%"
"2025- 07- 11","294,500","299,500","306,500","292,000","3.59M","-0.84%"
"2025- 07- 10","297,000","284,000","297,000","283,500","4.45M","5.69%"
"2025- 07- 09","281,000","282,500","284,000","277,500","2.41M","-0.35%"
"2025- 07- 08","282,000","271,000","285,000","268,500","3.11M","4.06%"
"2025- 07- 07","271,000","266,000","272,000","264,500","2.52M","0.18%"
"2025- 07- 04","270,500","279,500","281,500","269,000","3.64M","-2.87%"
"2025- 07- 03","278,500","281,000","284,000","277,000","3.54M","-0.18%"
"2025- 07- 02","279,000","283,500","283,500","274,500","4.42M","-2.28%"
"2025- 07- 01","285,500","291,000","294,500","285,500","3.55M","-2.23%"
"2025- 06- 30","292,000","288,500","294,500","286,000","4.17M","2.82%"
"2025- 06- 27","284,000","288,000","294,500","281,000","4.99M","-3.07%"
"2025- 06- 26","293,000","294,500","298,500","287,000","5.41M","2.45%"
"2025- 06- 25","286,000","289,000","291,500","284,000","5.16M","2.69%"
"2025- 06- 24","278,500","270,000","283,000","269,500","5.30M","7.32%"
"2025- 06- 23","259,500","252,500","263,000","248,500","3.32M","0.97%"
"2025- 06- 20","257,000","249,000","257,000","247,500","3.55M","4.47%"
"2025- 06- 19","246,000","247,000","250,000","242,000","2.25M","-0.20%"
"2025- 06- 18","246,500","245,500","252,000","245,000","3.65M","-1.00%"
"2025- 06- 17","249,000","253,000","260,000","248,000","4.96M","0.40%"
"2025- 06- 16","248,000","238,000","248,500","238,000","3.71M","5.31%"
"2025- 06- 13","235,500","240,500","243,000","233,750","3.99M","0.00%"
"2025- 06- 12","235,500","242,500","246,500","235,000","4.96M","-1.88%"
"2025- 06- 11","240,000","236,000","241,000","235,000","4.11M","4.12%"
"2025- 06- 10","230,500","231,000","232,500","227,500","3.22M","0.66%"
"2025- 06- 09","229,000","233,000","233,500","228,000","3.01M","2.00%"
"2025- 06- 05","224,500","225,500","230,000","222,000","4.79M","3.22%"
"2025- 06- 04","217,500","218,000","223,000","216,500","5.00M","4.82%"
"2025- 06- 02","207,500","205,000","208,500","203,000","1.71M","1.47%"
"2025- 05- 30","204,500","210,000","210,000","203,000","4.07M","-3.54%"
"2025- 05- 29","212,000","214,500","214,500","207,500","3.79M","1.92%"
"2025- 05- 28","208,000","206,500","209,500","206,000","2.95M","2.72%"
"2025- 05- 27","202,500","200,500","203,500","200,000","1.42M","-0.25%"
"2025- 05- 26","203,000","200,000","203,500","196,900","1.46M","1.50%"
"2025- 05- 23","200,000","199,900","201,500","198,700","1.43M","1.57%"
"2025- 05- 22","196,900","199,900","201,500","196,500","1.99M","-1.80%"
"2025- 05- 21","200,500","204,500","205,000","199,900","1.70M","-0.74%"
"2025- 05- 20","202,000","202,500","208,000","201,500","2.70M","1.30%"
"2025- 05- 19","199,400","203,000","203,000","197,500","2.44M","-2.49%"
"2025- 05- 16","204,500","206,000","206,750","203,500","2.32M","2.00%"
"2025- 05- 15","200,500","207,500","208,000","199,500","3.15M","-2.67%"
"2025- 05- 14","206,000","207,000","207,000","204,000","3.03M","3.78%"
"2025- 05- 13","198,500","200,500","201,500","197,300","3.14M","1.79%"
"2025- 05- 12","195,000","193,600","195,200","193,500","1.59M","2.58%"
"2025- 05- 09","190,100","192,000","192,800","186,800","2.25M","-0.11%"
"2025- 05- 08","190,300","196,000","196,000","189,400","5.02M","-0.26%"
"2025- 05- 07","190,800","187,700","191,500","185,900","3.82M","2.58%"
"2025- 05- 02","186,000","179,400","186,200","178,400","3.89M","4.79%"
"2025- 04- 30","177,500","179,100","180,000","176,700","2.34M","-1.83%"
"2025- 04- 29","180,800","182,000","182,900","179,100","1.85M","-0.66%"
"2025- 04- 28","182,000","183,500","183,900","179,700","2.46M","-1.30%"
"2025- 04- 25","184,400","182,500","184,900","182,100","3.42M","3.42%"
"2025- 04- 24","178,300","182,800","183,400","177,600","3.15M","-1.49%"
"2025- 04- 23","181,000","179,100","181,600","178,100","3.75M","4.14%"
"2025- 04- 22","173,800","175,000","175,500","173,300","2.00M","-1.59%"
"2025- 04- 21","176,600","174,800","180,000","174,500","1.82M","0.91%"
"2025- 04- 18","175,000","174,000","175,500","172,800","1.31M","0.00%"
"2025- 04- 17","175,000","172,100","175,400","171,800","2.99M","0.57%"
"2025- 04- 16","174,000","176,500","177,500","173,500","2.93M","-3.65%"
"2025- 04- 15","180,600","180,200","182,400","179,700","1.90M","0.22%"
"2025- 04- 14","180,200","182,900","184,400","178,000","3.45M","-0.33%"
"2025- 04- 11","180,800","177,800","181,800","176,100","3.21M","-1.31%"
"2025- 04- 10","183,200","189,700","189,900","180,000","7.83M","11.03%"
"2025- 04- 09","165,000","170,000","170,000","162,700","5.91M","-2.65%"
"2025- 04- 08","169,500","172,000","173,100","168,200","4.95M","2.85%"
"2025- 04- 07","164,800","168,000","172,800","164,800","7.86M","-9.55%"
"2025- 04- 04","182,200","187,900","189,600","178,400","9.18M","-6.37%"
"2025- 04- 03","194,600","189,600","194,600","188,200","4.16M","-1.67%"
"2025- 04- 02","197,900","198,800","201,500","197,300","2.73M","0.46%"
"2025- 04- 01","197,000","193,600","198,500","192,000","2.28M","3.30%"
"2025- 03- 31","190,700","193,500","195,500","190,500","3.93M","-4.32%"
"2025- 03- 28","199,300","203,000","204,500","198,900","2.66M","-3.72%"
"2025- 03- 27","207,000","208,000","212,000","206,500","2.26M","-3.27%"
"2025- 03- 26","214,000","209,000","215,500","208,500","1.95M","2.88%"
"2025- 03- 25","208,000","214,500","215,500","208,000","2.11M","-1.65%"
"2025- 03- 24","211,500","211,500","214,500","209,500","1.61M","-1.86%"
"2025- 03- 21","215,500","213,500","219,500","212,000","5.65M","2.62%"
"2025- 03- 20","210,000","207,000","211,000","205,500","2.76M","2.19%"
"2025- 03- 19","205,500","202,000","209,500","201,000","3.08M","1.23%"
"2025- 03- 18","203,000","208,500","209,000","201,000","2.68M","-1.46%"
"2025- 03- 17","206,000","207,000","209,500","203,500","2.56M","0.73%"
"2025- 03- 14","204,500","198,500","206,000","198,500","3.39M","2.40%"
"2025- 03- 13","199,700","202,500","204,500","195,500","3.86M","0.40%"
"2025- 03- 12","198,900","192,400","199,350","189,700","4.04M","5.91%"
"2025- 03- 11","187,800","182,100","189,000","181,300","3.49M","-0.05%"
"2025- 03- 10","187,900","187,500","191,500","187,300","2.41M","-2.34%"
"2025- 03- 07","192,400","191,000","192,800","187,900","2.61M","0.00%"
"2025- 03- 06","192,400","193,500","194,000","190,300","2.53M","-0.36%"
"2025- 03- 05","193,100","188,200","194,400","186,600","4.02M","3.76%"
"2025- 03- 04","186,100","184,800","187,500","184,000","5.20M","-2.16%"
"2025- 02- 28","190,200","191,600","193,000","188,700","5.37M","-4.52%"
"2025- 02- 27","199,200","204,500","205,000","198,100","3.78M","-1.87%"
"2025- 02- 26","203,000","199,000","206,000","198,600","3.77M","1.25%"
"2025- 02- 25","200,500","199,800","202,000","199,200","3.44M","-2.20%"
"2025- 02- 24","205,000","202,500","205,000","201,000","3.06M","-2.15%"
"2025- 02- 21","209,500","209,500","211,000","205,500","2.57M","-1.18%"
"2025- 02- 20","212,000","217,000","218,500","211,000","3.07M","-2.97%"
"2025- 02- 19","218,500","216,000","219,500","214,000","3.43M","4.05%"
"2025- 02- 18","210,000","212,000","215,000","207,000","1.92M","-0.94%"
"2025- 02- 17","212,000","211,500","216,000","211,000","2.49M","0.95%"
"2025- 02- 14","210,000","209,000","212,000","206,500","2.59M","0.72%"
"2025- 02- 13","208,500","198,800","208,500","198,100","3.53M","4.83%"
"2025- 02- 12","198,900","196,500","199,900","196,000","2.87M","-0.40%"
"2025- 02- 11","199,700","201,000","201,500","198,000","2.46M","0.81%"
"2025- 02- 10","198,100","197,800","203,000","197,000","2.75M","-2.41%"
"2025- 02- 07","203,000","205,000","206,000","200,500","2.17M","-0.25%"
"2025- 02- 06","203,500","202,000","205,000","200,500","4.01M","2.36%"
"2025- 02- 05","198,800","191,900","199,400","191,900","4.03M","4.03%"
"2025- 02- 04","191,100","192,900","194,300","190,100","5.69M","0.10%"
"2025- 02- 03","190,900","191,500","193,200","186,900","7.67M","-4.17%"
"2025- 01- 31","199,200","197,000","204,500","194,800","11.76M","-9.86%"
"2025- 01- 24","221,000","220,500","227,000","217,500","3.61M","0.68%"
"2025- 01- 23","219,500","221,000","225,500","215,000","5.97M","-2.66%"
"2025- 01- 22","225,500","221,500","227,000","217,000","5.63M","3.44%"
"2025- 01- 21","218,000","216,500","220,000","214,000","3.06M","2.83%"
"2025- 01- 20","212,000","219,000","219,000","210,500","2.96M","-1.17%"
"2025- 01- 17","214,500","209,500","217,500","209,000","5.01M","2.14%"
"2025- 01- 16","210,000","208,500","210,000","206,500","5.33M","5.95%"
"2025- 01- 15","198,200","198,000","201,000","197,700","3.52M","1.64%"
"2025- 01- 14","195,000","194,300","197,900","193,600","2.74M","0.36%"
"2025- 01- 13","194,300","203,000","203,000","193,900","4.65M","-4.52%"
"2025- 01- 10","203,500","208,000","212,500","202,500","5.95M","-0.73%"
"2025- 01- 09","205,000","201,000","206,000","199,800","6.66M","5.29%"
"2025- 01- 08","194,700","193,100","198,100","191,000","4.23M","-0.15%"
"2025- 01- 07","195,000","205,000","206,500","194,800","6.02M","-2.40%"
"2025- 01- 06","199,800","184,400","199,800","184,400","7.26M","9.84%"
"2025- 01- 03","181,900","174,500","182,700","173,100","4.22M","6.25%"
"2025- 01- 02","171,200","170,500","172,200","170,000","2.08M","-1.55%"
"2024- 12- 30","173,900","174,000","175,800","172,400","1.41M","-0.34%"
"2024- 12- 27","174,500","170,100","176,000","170,000","2.63M","2.59%"
"2024- 12- 26","170,100","170,000","172,000","169,400","2.00M","0.95%"
"2024- 12- 24","168,500","171,700","171,900","168,300","1.82M","-0.65%"
"2024- 12- 23","169,600","170,000","173,300","169,600","3.07M","0.65%"
"2024- 12- 20","168,500","174,100","174,800","167,100","4.40M","-3.71%"
"2024- 12- 19","175,000","173,900","176,800","173,000","4.74M","-4.63%"
"2024- 12- 18","183,500","183,400","183,900","181,600","2.35M","-0.27%"
"2024- 12- 17","184,000","183,000","184,500","182,100","3.12M","2.62%"
"2024- 12- 16","179,300","177,400","180,400","177,300","3.25M","2.17%"
"2024- 12- 13","175,500","174,400","176,400","173,500","3.58M","-0.34%"
"2024- 12- 12","176,100","176,500","177,400","173,500","4.34M","2.50%"
"2024- 12- 11","171,800","167,400","171,800","167,000","2.26M","0.82%"
"2024- 12- 10","170,400","168,000","170,400","167,600","2.99M","0.89%"
"2024- 12- 09","168,900","167,100","170,600","165,000","5.10M","1.08%"
"2024- 12- 06","167,100","173,500","173,600","165,000","4.35M","-3.41%"
"2024- 12- 05","173,000","170,000","175,600","169,300","4.62M","2.98%"
"2024- 12- 04","168,000","161,300","168,000","161,100","5.65M","1.88%"
"2024- 12- 03","164,900","159,200","165,100","159,100","4.04M","3.84%"
"2024- 12- 02","158,800","162,200","162,700","158,600","3.53M","-0.69%"
"2024- 11- 29","159,900","160,000","162,400","157,600","4.59M","-0.74%"
"2024- 11- 28","161,100","164,600","166,300","160,800","5.52M","-4.28%"
"2024- 11- 27","168,300","175,600","175,700","167,900","4.63M","-4.97%"
"2024- 11- 26","177,100","175,200","177,700","174,700","1.96M","0.06%"
"2024- 11- 25","177,000","174,500","179,500","173,900","4.25M","0.17%"
"2024- 11- 22","176,700","171,700","178,200","171,200","3.79M","4.68%"
"2024- 11- 21","168,800","168,200","173,000","168,200","3.79M","-1.06%"
"2024- 11- 20","170,600","175,000","175,100","170,200","3.63M","0.00%"
"2024- 11- 19","170,600","170,400","172,900","168,100","3.99M","-0.64%"
"2024- 11- 18","171,700","173,800","177,800","170,300","3.85M","-3.65%"
"2024- 11- 15","178,200","174,000","179,000","173,600","4.18M","3.01%"
"2024- 11- 14","173,000","182,900","184,900","171,700","6.28M","-5.41%"
"2024- 11- 13","182,900","185,700","189,500","182,600","3.10M","-1.56%"
"2024- 11- 12","185,800","192,500","192,500","184,900","3.76M","-3.53%"
"2024- 11- 11","192,600","199,300","199,300","192,400","2.60M","-3.94%"
"2024- 11- 08","200,500","200,500","203,000","198,800","2.99M","1.57%"
"2024- 11- 07","197,400","197,400","198,300","193,100","2.94M","0.82%"
"2024- 11- 06","195,800","197,700","199,200","192,700","3.40M","1.35%"
"2024- 11- 05","193,200","193,600","198,800","192,100","3.54M","-0.41%"
"2024- 11- 04","194,000","185,200","194,000","183,700","3.53M","6.48%"
"2024- 11- 01","182,200","182,500","184,900","180,500","3.43M","-2.20%"
"2024- 10- 31","186,300","189,900","192,900","186,100","4.49M","-4.46%"
"2024- 10- 30","195,000","190,200","195,400","189,400","3.44M","2.47%"
"2024- 10- 29","190,300","196,000","197,000","189,100","3.94M","-2.91%"
"2024- 10- 28","196,000","203,500","205,000","194,200","4.05M","-2.49%"
"2024- 10- 25","201,000","203,000","206,000","199,400","5.44M","1.41%"
"2024- 10- 24","198,200","193,500","202,000","190,000","6.16M","1.12%"
"2024- 10- 23","196,000","188,500","196,700","188,000","4.32M","4.37%"
"2024- 10- 22","187,800","195,300","195,300","187,500","3.43M","-1.62%"
"2024- 10- 21","190,900","189,400","192,300","188,000","2.41M","1.92%"
"2024- 10- 18","187,300","198,200","198,200","186,200","5.40M","-4.44%"
"2024- 10- 17","196,000","191,200","196,000","188,700","3.90M","3.87%"
"2024- 10- 16","188,700","184,700","192,500","183,600","4.75M","-2.18%"
"2024- 10- 15","192,900","191,900","193,200","189,700","3.93M","2.88%"
"2024- 10- 14","187,500","186,900","192,300","186,900","3.20M","0.81%"
"2024- 10- 11","186,000","190,000","191,200","185,100","3.23M","-0.37%"
"2024- 10- 10","186,700","184,500","188,100","183,400","5.67M","4.89%"
"2024- 10- 08","178,000","182,200","185,000","178,000","3.77M","-3.73%"
"2024- 10- 07","184,900","178,400","184,900","176,000","3.88M","6.20%"
"2024- 10- 04","174,100","171,700","175,600","170,700","3.60M","2.96%"
"2024- 10- 02","169,100","172,700","175,500","169,100","4.67M","-3.15%"
"2024- 09- 30","174,600","183,700","183,800","174,600","4.52M","-5.01%"
"2024- 09- 27","183,800","187,500","189,300","183,800","6.72M","1.60%"
"2024- 09- 26","180,900","178,400","180,900","176,200","9.45M","9.44%"
"2024- 09- 25","165,300","166,700","169,300","165,000","4.60M","1.10%"
"2024- 09- 24","163,500","163,700","163,700","159,200","3.38M","0.93%"
"2024- 09- 23","162,000","155,800","162,900","155,700","4.46M","3.12%"
"2024- 09- 20","157,100","160,500","160,800","155,900","6.93M","2.81%"
"2024- 09- 19","152,800","154,700","155,700","144,700","14.76M","-6.14%"
"2024- 09- 13","162,800","166,500","166,700","161,100","5.18M","-3.55%"
"2024- 09- 12","168,800","165,200","171,300","163,800","8.59M","7.38%"
"2024- 09- 11","157,200","156,800","158,700","154,300","3.18M","1.09%"
"2024- 09- 10","155,500","157,400","161,700","154,300","4.68M","-0.96%"
"2024- 09- 09","157,000","151,800","157,700","150,500","4.44M","0.38%"
"2024- 09- 06","156,400","157,100","158,200","154,900","3.39M","-1.88%"
"2024- 09- 05","159,400","157,000","163,000","156,600","5.29M","2.97%"
"2024- 09- 04","154,800","152,900","159,000","152,900","9.80M","-8.02%"
"2024- 09- 03","168,300","172,900","173,800","168,300","3.24M","-3.28%"
"2024- 09- 02","174,000","173,600","174,900","168,400","3.48M","0.17%"
"2024- 08- 30","173,700","171,000","175,500","169,400","4.20M","2.36%"
"2024- 08- 29","169,700","167,600","171,700","167,200","8.16M","-5.35%"
"2024- 08- 28","179,300","175,000","180,800","174,000","5.52M","2.46%"
"2024- 08- 27","175,000","176,800","180,200","173,400","5.75M","-2.56%"
"2024- 08- 26","179,600","187,800","188,500","179,600","4.86M","-3.18%"
"2024- 08- 23","185,500","186,000","189,300","185,400","4.27M","-2.93%"
"2024- 08- 22","191,100","192,000","194,400","189,000","3.15M","-0.78%"
"2024- 08- 21","192,600","193,000","195,400","191,100","4.36M","-3.56%"
"2024- 08- 20","199,700","198,700","202,500","198,100","4.20M","2.99%"
"2024- 08- 19","193,900","199,900","199,900","192,400","3.94M","-2.90%"
"2024- 08- 16","199,700","196,000","200,000","194,700","6.65M","6.96%"
"2024- 08- 14","186,700","188,000","188,100","184,700","4.32M","2.64%"
"2024- 08- 13","181,900","179,900","182,400","178,800","4.20M","2.77%"
"2024- 08- 12","177,000","174,500","179,800","172,600","4.39M","3.21%"
"2024- 08- 09","171,500","172,800","172,800","168,800","5.05M","4.96%"
"2024- 08- 08","163,400","162,600","168,200","161,200","5.26M","-3.48%"
"2024- 08- 07","169,300","160,900","171,000","157,400","9.62M","3.42%"
"2024- 08- 06","163,700","165,100","166,400","161,500","10.43M","4.87%"
"2024- 08- 05","156,100","168,000","171,200","151,600","11.74M","-9.87%"
"2024- 08- 02","173,200","183,600","184,000","172,400","12.64M","-10.40%"
"2024- 08- 01","193,300","201,500","201,500","193,300","6.24M","-0.67%"
"2024- 07- 31","194,600","188,000","195,000","185,200","6.20M","3.02%"
"2024- 07- 30","188,900","191,300","192,200","186,500","5.13M","-3.43%"
"2024- 07- 29","195,600","195,000","195,700","192,200","3.86M","1.98%"
"2024- 07- 26","191,800","190,800","194,500","186,100","8.65M","0.95%"
"2024- 07- 25","190,000","196,200","198,800","189,000","12.38M","-8.87%"
"2024- 07- 24","208,500","202,000","212,500","200,000","4.80M","1.71%"
"2024- 07- 23","205,000","208,500","209,500","200,500","5.88M","0.00%"
"2024- 07- 22","205,000","209,000","209,500","200,500","6.39M","-2.15%"
"2024- 07- 19","209,500","208,500","214,000","207,000","4.35M","-1.41%"
"2024- 07- 18","212,500","212,500","215,000","209,000","8.74M","-3.63%"
"2024- 07- 17","220,500","229,500","230,000","220,500","6.00M","-5.36%"
"2024- 07- 16","233,000","226,500","235,000","224,000","3.92M","1.30%"
"2024- 07- 15","230,000","235,000","235,500","226,500","3.28M","-1.29%"
"2024- 07- 12","233,000","232,000","236,000","230,000","4.82M","-3.32%"
"2024- 07- 11","241,000","242,500","248,500","241,000","5.32M","0.84%"
"2024- 07- 10","239,000","237,500","239,000","234,000","2.52M","0.21%"
"2024- 07- 09","238,500","235,500","241,000","233,000","4.57M","2.14%"
"2024- 07- 08","233,500","234,000","237,000","232,500","2.02M","-1.06%"
"2024- 07- 05","236,000","228,500","237,500","227,500","3.99M","2.61%"
"2024- 07- 04","230,000","240,500","240,500","225,000","7.30M","-2.54%"
"2024- 07- 03","236,000","231,000","236,000","225,000","3.26M","1.72%"
"2024- 07- 02","232,000","235,500","237,000","230,500","2.31M","-1.49%"
"2024- 07- 01","235,500","233,500","236,500","232,000","1.70M","-0.42%"
"2024- 06- 28","236,500","235,500","237,500","232,500","2.32M","0.00%"
"2024- 06- 27","236,500","229,500","239,000","227,500","3.68M","-0.21%"
"2024- 06- 26","237,000","228,000","238,500","227,500","5.12M","5.33%"
"2024- 06- 25","225,000","215,500","225,000","215,000","5.64M","0.90%"
"2024- 06- 24","223,000","228,000","230,000","220,000","5.02M","-4.70%"
"2024- 06- 21","234,000","230,500","234,500","230,000","3.67M","-1.47%"
"2024- 06- 20","237,500","233,500","238,500","231,000","2.72M","1.71%"
"2024- 06- 19","233,500","235,000","243,000","231,500","3.71M","-0.43%"
"2024- 06- 18","234,500","227,000","234,500","227,000","3.03M","5.16%"
"2024- 06- 17","223,000","219,000","229,500","219,000","2.19M","0.90%"
"2024- 06- 14","221,000","225,000","225,000","216,000","3.29M","-0.45%"
"2024- 06- 13","222,000","226,000","226,500","219,000","5.74M","3.26%"
"2024- 06- 12","215,000","212,000","216,000","211,000","2.13M","1.18%"
"2024- 06- 11","212,500","210,000","215,000","206,000","3.00M","2.16%"
"2024- 06- 10","208,000","206,000","209,500","205,000","2.44M","0.24%"
"2024- 06- 07","207,500","199,500","207,500","197,300","4.69M","7.12%"
"2024- 06- 05","193,700","189,400","195,200","188,800","2.70M","0.21%"
"2024- 06- 04","193,300","196,400","196,500","192,900","1.85M","-0.46%"
"2024- 06- 03","194,200","189,500","194,600","188,200","2.96M","2.64%"
"2024- 05- 31","189,200","194,400","195,200","188,200","5.85M","-3.32%"
"2024- 05- 30","195,700","202,500","202,500","195,700","2.37M","-3.36%"
"2024- 05- 29","202,500","210,000","210,000","200,500","2.80M","0.00%"
"2024- 05- 28","202,500","202,500","205,500","200,500","1.95M","0.50%"
"2024- 05- 27","201,500","203,500","209,000","199,100","4.76M","1.46%"
"2024- 05- 24","198,600","199,800","202,500","197,500","3.73M","-0.70%"
"2024- 05- 23","200,000","203,500","204,000","198,200","4.66M","1.16%"
"2024- 05- 22","197,700","191,900","197,700","190,900","3.93M","2.97%"
"2024- 05- 21","192,000","193,400","193,500","191,200","2.40M","1.00%"
"2024- 05- 20","190,100","192,300","193,200","188,600","2.83M","0.11%"
"2024- 05- 17","189,900","192,000","193,500","189,900","2.76M","-1.61%"
"2024- 05- 16","193,000","191,100","194,000","191,100","5.06M","4.16%"
"2024- 05- 14","185,300","184,200","185,800","181,800","2.54M","0.82%"
"2024- 05- 13","183,800","180,000","184,000","179,000","3.17M","2.17%"
"2024- 05- 10","179,900","176,500","180,100","176,400","2.66M","2.57%"
"2024- 05- 09","175,400","179,000","179,400","175,400","2.82M","-1.46%"
"2024- 05- 08","178,000","177,600","179,400","176,000","2.27M","-0.89%"
"2024- 05- 07","179,600","179,400","180,900","179,300","4.33M","3.70%"
"2024- 05- 03","173,200","177,000","177,500","173,200","2.30M","-0.23%"
"2024- 05- 02","173,600","169,000","174,700","169,000","3.13M","-0.34%"
"2024- 04- 30","174,200","175,900","179,000","173,800","3.19M","-0.97%"
"2024- 04- 29","175,900","179,100","180,400","175,600","2.83M","-1.07%"
"2024- 04- 26","177,800","176,200","178,300","174,900","5.39M","4.22%"
"2024- 04- 25","170,600","173,800","176,700","170,600","5.28M","-5.12%"
"2024- 04- 24","179,800","178,900","180,200","176,300","4.19M","5.15%"
"2024- 04- 23","171,000","172,600","173,700","169,700","3.90M","-0.35%"
"2024- 04- 22","171,600","170,700","172,400","167,000","5.78M","-0.98%"
"2024- 04- 19","173,300","177,200","178,500","169,500","7.40M","-4.94%"
"2024- 04- 18","182,300","176,000","183,300","175,400","4.10M","2.01%"
"2024- 04- 17","178,700","179,600","182,500","177,700","3.98M","-0.22%"
"2024- 04- 16","179,100","184,400","185,500","178,300","4.91M","-4.84%"
"2024- 04- 15","188,200","185,400","188,400","183,000","2.64M","0.43%"
"2024- 04- 12","187,400","188,700","191,400","187,000","3.04M","-0.53%"
"2024- 04- 11","188,400","182,900","188,400","182,400","4.02M","3.01%"
"2024- 04- 09","182,900","182,300","185,300","181,700","2.29M","0.94%"
"2024- 04- 08","181,200","183,900","183,900","180,000","3.21M","-0.88%"
"2024- 04- 05","182,800","184,800","187,600","181,800","4.01M","-2.77%"
"2024- 04- 04","188,000","184,400","188,500","184,000","4.61M","4.91%"
"2024- 04- 03","179,200","182,000","183,700","178,200","5.08M","-3.81%"
"2024- 04- 02","186,300","188,000","190,000","184,400","4.19M","0.43%"
"2024- 04- 01","185,500","186,400","190,500","185,000","2.68M","1.37%"
"2024- 03- 29","183,000","179,200","183,900","177,600","3.02M","2.69%"
"2024- 03- 28","178,200","178,000","182,100","178,000","3.39M","-1.66%"
"2024- 03- 27","181,200","176,700","183,000","175,600","5.59M","2.60%"
"2024- 03- 26","176,600","172,000","179,500","171,900","6.49M","4.25%"
"2024- 03- 25","169,400","170,500","174,800","168,500","3.41M","-0.24%"
"2024- 03- 22","169,800","169,000","173,900","167,400","5.35M","-0.12%"
"2024- 03- 21","170,000","165,200","171,400","162,600","9.06M","8.63%"
"2024- 03- 20","156,500","160,200","161,400","154,100","5.64M","-2.31%"
"2024- 03- 19","160,200","161,700","161,800","157,600","4.01M","-2.50%"
"2024- 03- 18","164,300","161,200","164,500","161,000","2.68M","1.92%"
"2024- 03- 17","161,200","161,200","161,200","161,200","","0.00%"
"2024- 03- 15","161,200","159,600","162,900","158,600","4.06M","-0.43%"
"2024- 03- 14","161,900","163,600","164,200","161,100","3.60M","-1.04%"
"2024- 03- 13","163,600","168,600","169,700","162,000","4.93M","-1.27%"
"2024- 03- 12","165,700","166,100","167,200","164,000","3.05M","-0.54%"
"2024- 03- 11","166,600","165,000","168,900","164,700","3.43M","-3.08%"
"2024- 03- 10","171,900","171,900","171,900","171,900","","0.00%"
"2024- 03- 08","171,900","169,800","174,900","169,300","4.93M","4.24%"
"2024- 03- 07","164,900","164,500","165,900","161,000","3.02M","1.23%"
"2024- 03- 06","162,900","164,100","165,500","162,700","2.64M","-1.75%"
"2024- 03- 05","165,800","165,100","169,000","164,100","3.56M","-0.42%"
"2024- 03- 04","166,500","161,000","168,100","160,700","5.10M","6.59%"
"2024- 03- 03","156,200","156,200","156,200","156,200","","0.00%"
"2024- 02- 29","156,200","154,900","158,400","154,500","3.21M","-1.14%"
"2024- 02- 28","158,000","154,500","159,200","153,800","3.58M","2.73%"
"2024- 02- 27","153,800","159,000","160,000","153,300","5.93M","-4.94%"
"2024- 02- 26","161,800","158,400","164,800","158,400","4.27M","0.25%"
"2024- 02- 25","161,400","161,400","161,400","161,400","","0.00%"
"2024- 02- 23","161,400","166,900","166,900","159,800","6.96M","3.13%"
"2024- 02- 22","156,500","154,500","156,500","152,600","5.85M","5.03%"
"2024- 02- 21","149,000","147,100","152,200","147,100","4.24M","-0.40%"
"2024- 02- 20","149,600","150,300","151,100","147,500","3.25M","-1.12%"
"2024- 02- 19","151,300","146,200","153,200","146,000","3.92M","3.07%"
"2024- 02- 18","146,800","146,800","146,800","146,800","","0.00%"
"2024- 02- 16","146,800","150,600","150,600","145,700","3.25M","-1.28%"
"2024- 02- 15","148,700","151,300","152,700","148,000","3.54M","0.00%"
"2024- 02- 14","148,700","146,300","149,200","144,900","4.38M","-0.87%"
"2024- 02- 13","150,000","146,800","150,000","145,000","6.78M","5.04%"
"2024- 02- 12","142,800","142,800","142,800","142,800","","0.00%"
"2024- 02- 08","142,800","139,000","143,000","137,900","5.40M","3.48%"
"2024- 02- 07","138,000","136,600","138,500","135,500","3.16M","0.00%"
"2024- 02- 06","138,000","133,700","138,400","132,000","4.46M","4.31%"
"2024- 02- 05","132,300","134,900","135,800","131,700","3.05M","-1.93%"
"2024- 02- 04","134,900","134,900","134,900","134,900","","0.00%"
"2024- 02- 02","134,900","132,300","135,300","132,200","3.57M","1.66%"
"2024- 02- 01","132,700","133,100","135,600","131,700","3.76M","-1.48%"
"2024- 01- 31","134,700","134,800","136,600","133,600","2.64M","-1.61%"
"2024- 01- 30","136,900","135,300","137,800","134,400","2.29M","1.41%"
"2024- 01- 29","135,000","135,500","137,000","135,000","2.29M","-0.74%"
"2024- 01- 28","136,000","136,000","136,000","136,000","","0.00%"
"2024- 01- 26","136,000","136,200","138,600","136,000","3.21M","-1.02%"
"2024- 01- 25","137,400","142,700","143,700","136,900","4.57M","-2.90%"
"2024- 01- 24","141,500","140,000","141,700","137,600","2.56M","0.50%"
"2024- 01- 23","140,800","142,300","142,800","138,300","2.90M","-1.26%"
"2024- 01- 22","142,600","145,200","145,400","142,300","3.72M","0.92%"
"2024- 01- 21","141,300","141,300","141,300","141,300","","0.00%"
"2024- 01- 19","141,300","138,700","141,300","137,400","4.82M","3.74%"
"2024- 01- 18","136,200","131,500","136,800","130,600","3.04M","3.97%"
"2024- 01- 17","131,000","133,800","134,500","129,000","3.81M","-0.83%"
"2024- 01- 16","132,100","132,600","133,700","131,100","2.73M","-1.49%"
"2024- 01- 15","134,100","134,800","135,100","133,300","1.85M","0.00%"
"2024- 01- 14","134,100","134,100","134,100","134,100","","0.00%"
"2024- 01- 12","134,100","136,400","137,300","133,400","1.87M","-1.40%"
"2024- 01- 11","136,000","132,400","137,100","132,400","3.48M","1.87%"
"2024- 01- 10","133,500","137,700","138,100","132,100","3.76M","-2.84%"
"2024- 01- 09","137,400","139,000","139,500","136,600","3.43M","1.03%"
"2024- 01- 08","136,000","137,500","137,900","135,400","2.43M","-1.09%"
"2024- 01- 07","137,500","137,500","137,500","137,500","","0.00%"
"2024- 01- 05","137,500","135,800","137,500","135,800","1.84M","0.81%"
"2024- 01- 04","136,400","136,800","138,800","135,800","2.62M","-0.29%"
"2024- 01- 03","136,800","140,000","140,800","136,800","3.25M","-3.93%"
"2024- 01- 02","142,400","139,700","142,800","139,700","2.14M","0.64%"
"2023- 12- 28","141,500","140,900","141,600","139,500","2.35M","0.78%"
"2023- 12- 27","140,400","140,800","141,600","139,200","2.33M","-0.35%"
"2023- 12- 26","140,900","142,000","142,000","139,400","2.22M","0.21%"
"2023- 12- 25","140,600","140,600","140,600","140,600","","0.00%"
"2023- 12- 22","140,600","142,700","143,700","140,600","3.17M","0.07%"
"2023- 12- 21","140,500","139,200","140,600","138,100","2.71M","0.00%"
"2023- 12- 20","140,500","139,900","140,800","139,300","3.10M","1.66%"
"2023- 12- 19","138,200","140,000","140,800","138,100","2.30M","-1.29%"
"2023- 12- 18","140,000","139,000","140,800","138,900","2.53M","0.00%"
"2023- 12- 17","140,000","140,000","140,000","140,000","","0.00%"
"2023- 12- 15","140,000","137,000","140,000","137,000","4.97M","2.41%"
"2023- 12- 14","136,700","133,700","138,300","133,600","8.17M","4.19%"
"2023- 12- 13","131,200","130,000","132,400","130,000","2.83M","0.15%"
"2023- 12- 12","131,000","130,600","131,900","130,500","3.06M","1.63%"
"2023- 12- 11","128,900","128,700","129,100","127,300","3.28M","1.10%"
"2023- 12- 08","127,500","128,100","129,100","127,500","2.66M","1.51%"
"2023- 12- 07","125,600","125,600","127,800","124,500","2.47M","0.00%"
"2023- 12- 06","125,600","126,800","127,500","125,400","2.48M","-0.24%"
"2023- 12- 05","125,900","129,700","130,000","125,400","4.31M","-3.97%"
"2023- 12- 04","131,100","133,400","134,600","131,100","2.63M","-1.13%"
"2023- 12- 03","132,600","132,600","132,600","132,600","","0.00%"
"2023- 12- 01","132,600","132,200","133,000","130,800","3.52M","-0.97%"
"2023- 11- 30","133,900","129,900","133,900","129,900","3.54M","2.68%"
"2023- 11- 29","130,400","130,200","131,000","128,900","2.22M","-0.76%"
"2023- 11- 28","131,400","132,100","132,100","129,900","2.52M","0.54%"
"2023- 11- 27","130,700","129,200","130,700","128,400","2.25M","2.11%"
"2023- 11- 26","128,000","128,000","128,000","128,000","","0.00%"
"2023- 11- 24","128,000","130,600","131,000","128,000","1.85M","-1.61%"
"2023- 11- 23","130,100","130,600","131,400","129,500","1.71M","-0.91%"
"2023- 11- 22","131,300","129,600","131,600","129,500","2.09M","-0.53%"
"2023- 11- 21","132,000","132,000","133,300","131,600","2.43M","0.46%"
"2023- 11- 20","131,400","129,300","132,000","129,300","1.74M","1.15%"
"2023- 11- 19","129,900","129,900","129,900","129,900","","0.00%"
"2023- 11- 17","129,900","131,500","132,000","129,100","2.42M","-1.81%"
"2023- 11- 16","132,300","133,000","134,400","131,200","2.43M","-1.34%"
"2023- 11- 15","134,100","133,900","134,200","132,100","3.59M","3.15%"
"2023- 11- 14","130,000","133,500","133,500","130,000","2.56M","-1.37%"
"2023- 11- 13","131,800","133,000","134,100","131,000","2.64M","1.00%"
"2023- 11- 12","130,500","130,500","130,500","130,500","","0.00%"
"2023- 11- 10","130,500","127,900","130,800","127,000","2.56M","1.95%"
"2023- 11- 09","128,000","127,700","129,800","126,700","2.22M","0.31%"
"2023- 11- 08","127,600","131,600","132,700","126,600","3.32M","-2.15%"
"2023- 11- 07","130,400","132,000","133,500","129,300","4.91M","-1.95%"
"2023- 11- 06","133,000","125,800","133,000","125,800","6.89M","5.72%"
"2023- 11- 05","125,800","125,800","125,800","125,800","","0.00%"
"2023- 11- 03","125,800","126,500","127,200","125,000","2.66M","0.40%"
"2023- 11- 02","125,300","123,900","125,400","123,100","3.70M","4.16%"
"2023- 11- 01","120,300","117,900","120,300","117,000","2.69M","3.44%"
"2023- 10- 31","116,300","119,800","120,900","116,300","3.15M","-2.35%"
"2023- 10- 30","119,100","119,100","121,700","118,700","2.69M","0.00%"
"2023- 10- 29","119,100","119,100","119,100","119,100","","0.00%"
"2023- 10- 27","119,100","119,800","120,900","117,500","5.24M","-0.75%"
"2023- 10- 26","120,000","122,100","124,800","119,500","5.82M","-5.88%"
"2023- 10- 25","127,500","127,500","129,000","126,100","3.01M","0.55%"
"2023- 10- 24","126,800","125,400","127,000","123,900","2.79M","2.26%"
"2023- 10- 23","124,000","126,800","127,200","123,500","2.42M","-1.74%"
"2023- 10- 22","126,200","126,200","126,200","126,200","","0.00%"
"2023- 10- 20","126,200","124,300","127,200","122,800","3.72M","0.40%"
"2023- 10- 19","125,700","127,600","128,900","125,100","4.91M","-3.31%"
"2023- 10- 18","130,000","128,600","130,700","127,200","4.73M","0.00%"
"2023- 10- 17","130,000","125,000","130,800","123,500","6.26M","4.75%"
"2023- 10- 16","124,100","124,700","125,200","122,400","2.98M","-0.48%"
"2023- 10- 15","124,700","124,700","124,700","124,700","","0.00%"
"2023- 10- 13","124,700","123,100","126,300","122,500","3.18M","0.40%"
"2023- 10- 12","124,200","121,100","124,200","120,500","3.97M","4.19%"
"2023- 10- 11","119,200","123,000","123,900","119,200","4.10M","-0.25%"
"2023- 10- 10","119,500","122,800","124,300","119,500","5.46M","-0.75%"
"2023- 10- 09","120,400","120,400","120,400","120,400","","0.00%"
"2023- 10- 06","120,400","120,200","121,600","119,000","3.64M","0.17%"
"2023- 10- 05","120,200","122,900","122,900","118,100","5.71M","4.16%"
"2023- 10- 04","115,400","113,000","116,600","113,000","4.06M","0.61%"
"2023- 10- 03","114,700","114,700","114,700","114,700","","0.00%"
"2023- 09- 27","114,700","113,000","115,200","112,300","2.75M","-0.26%"
"2023- 09- 26","115,000","117,000","117,200","113,300","3.14M","-1.71%"
"2023- 09- 25","117,000","115,900","117,700","115,700","2.09M","-0.26%"
"2023- 09- 24","117,300","117,300","117,300","117,300","","0.00%"
"2023- 09- 22","117,300","114,300","117,300","114,200","2.92M","0.69%"
"2023- 09- 21","116,500","116,000","116,900","114,100","3.14M","-1.27%"
"2023- 09- 20","118,000","118,900","119,700","116,700","2.22M","-1.01%"
"2023- 09- 19","119,200","119,400","121,300","118,600","1.85M","0.17%"
"2023- 09- 18","119,000","120,300","122,900","118,800","2.35M","-2.78%"
"2023- 09- 17","122,400","122,400","122,400","122,400","","0.00%"
"2023- 09- 15","122,400","122,900","124,400","121,600","3.41M","0.16%"
"2023- 09- 14","122,200","118,600","122,200","118,600","3.93M","3.12%"
"2023- 09- 13","118,500","117,900","120,700","116,900","3.76M","1.54%"
"2023- 09- 12","116,700","115,400","117,500","113,900","2.62M","0.69%"
"2023- 09- 11","115,900","113,700","116,000","112,900","2.43M","1.93%"
"2023- 09- 10","113,700","113,700","113,700","113,700","","0.00%"
"2023- 09- 08","113,700","117,000","117,100","112,800","4.84M","-4.05%"
"2023- 09- 07","118,500","118,200","120,900","117,100","2.89M","0.25%"
"2023- 09- 06","118,200","118,600","120,000","117,800","1.61M","-1.01%"
"2023- 09- 05","119,400","118,100","121,000","117,700","1.73M","0.17%"
"2023- 09- 04","119,200","118,300","119,700","116,200","3.40M","-0.67%"
"2023- 09- 03","120,000","120,000","120,000","120,000","","0.00%"
"2023- 09- 01","120,000","121,400","122,600","119,600","2.86M","-1.48%"
"2023- 08- 31","121,800","121,000","122,800","120,000","4.32M","2.01%"
"2023- 08- 30","119,400","122,400","122,800","119,400","2.62M","0.67%"
"2023- 08- 29","118,600","118,300","120,300","117,100","2.65M","2.33%"
"2023- 08- 28","115,900","117,000","117,500","115,500","1.72M","-0.52%"
"2023- 08- 27","116,500","116,500","116,500","116,500","","0.00%"
"2023- 08- 25","116,500","117,400","118,300","115,300","3.51M","-3.64%"
"2023- 08- 24","120,900","122,300","123,600","120,300","6.26M","4.22%"
"2023- 08- 23","116,000","116,200","116,800","114,100","2.46M","-0.43%"
"2023- 08- 22","116,500","120,000","120,900","114,900","3.16M","0.09%"
"2023- 08- 21","116,400","117,300","118,500","115,600","2.61M","-0.68%"
"2023- 08- 20","117,200","117,200","117,200","117,200","","0.00%"
"2023- 08- 18","117,200","112,600","118,700","111,800","3.31M","2.09%"
"2023- 08- 17","114,800","114,300","115,500","112,500","3.06M","-0.86%"
"2023- 08- 16","115,800","117,200","118,500","115,000","3.33M","0.78%"
"2023- 08- 15","114,900","114,900","114,900","114,900","","0.00%"
"2023- 08- 14","114,900","114,600","117,300","114,000","2.03M","-0.35%"
"2023- 08- 13","115,300","115,300","115,300","115,300","","0.00%"
"2023- 08- 11","115,300","118,000","119,400","115,200","2.23M","-2.70%"
"2023- 08- 10","118,500","117,400","118,500","115,100","2.57M","0.00%"
"2023- 08- 09","118,500","118,500","119,200","117,200","2.52M","-0.08%"
"2023- 08- 08","118,600","121,900","122,400","118,300","2.72M","-2.71%"
"2023- 08- 07","121,900","120,600","124,900","120,500","3.69M","1.50%"
"2023- 08- 06","120,100","120,100","120,100","120,100","","0.00%"
"2023- 08- 04","120,100","118,300","120,900","118,100","2.34M","0.08%"
"2023- 08- 03","120,000","119,000","121,300","117,200","3.42M","0.42%"
"2023- 08- 02","119,500","123,300","124,800","118,700","3.74M","-4.48%"
"2023- 08- 01","125,100","124,000","126,400","120,700","4.64M","1.38%"
"2023- 07- 31","123,400","128,000","128,500","122,500","4.48M","-3.59%"
"2023- 07- 30","128,000","128,000","128,000","128,000","","0.00%"
"2023- 07- 28","128,000","126,200","129,000","122,000","8.54M","3.23%"
"2023- 07- 27","124,000","115,000","124,000","114,100","9.43M","9.73%"
"2023- 07- 26","113,000","116,000","116,100","111,300","4.99M","-0.35%"
"2023- 07- 25","113,400","114,000","114,200","112,200","2.66M","-0.53%"
"2023- 07- 24","114,000","114,100","114,900","112,900","2.76M","-0.96%"
"2023- 07- 23","115,100","115,100","115,100","115,100","","0.00%"
"2023- 07- 21","115,100","114,700","115,100","113,200","2.73M","-1.54%"
"2023- 07- 20","116,900","116,500","117,500","115,200","1.89M","-0.51%"
"2023- 07- 19","117,500","118,700","119,100","116,700","2.36M","-0.25%"
"2023- 07- 18","117,800","117,500","119,000","116,700","2.29M","0.51%"
"2023- 07- 17","117,200","116,900","118,700","116,000","2.41M","-0.68%"
"2023- 07- 16","118,000","118,000","118,000","118,000","","0.00%"
"2023- 07- 14","118,000","115,500","120,200","115,300","5.62M","3.42%"
"2023- 07- 13","114,100","115,400","117,000","113,600","3.40M","-1.13%"
"2023- 07- 12","115,400","113,200","115,400","112,800","2.11M","1.76%"
"2023- 07- 11","113,400","111,500","113,400","111,200","2.20M","2.81%"
"2023- 07- 10","110,300","111,800","112,900","109,700","3.11M","-1.34%"
"2023- 07- 09","111,800","111,800","111,800","111,800","","0.00%"
"2023- 07- 07","111,800","112,700","113,000","111,200","2.66M","-1.76%"
"2023- 07- 06","113,800","116,000","116,100","113,100","3.44M","-2.49%"
"2023- 07- 05","116,700","118,100","118,200","116,100","2.43M","-1.02%"
"2023- 07- 04","117,900","118,200","118,400","117,200","1.88M","0.26%"
"2023- 07- 03","117,600","115,300","118,900","115,300","3.00M","2.08%"
"2023- 07- 02","115,200","115,200","115,200","115,200","","0.00%"
"2023- 06- 30","115,200","114,600","115,500","113,200","2.56M","-0.86%"
"2023- 06- 29","116,200","115,200","117,400","114,500","4.31M","1.66%"
"2023- 06- 28","114,300","114,200","115,200","112,800","3.17M","1.15%"
"2023- 06- 27","113,000","114,000","114,000","110,800","3.59M","-0.44%"
"2023- 06- 26","113,500","113,100","113,900","111,200","3.34M","-0.09%"
"2023- 06- 25","113,600","113,600","113,600","113,600","","0.00%"
"2023- 06- 23","113,600","114,000","115,200","112,500","2.83M","-0.35%"
"2023- 06- 22","114,000","114,200","115,900","113,400","2.58M","-0.96%"
"2023- 06- 21","115,100","116,200","117,500","114,600","2.70M","-0.86%"
"2023- 06- 20","116,100","114,000","117,000","113,200","3.13M","1.13%"
"2023- 06- 19","114,800","118,000","118,500","113,500","4.18M","-3.45%"
"2023- 06- 18","118,900","118,900","118,900","118,900","","0.00%"
"2023- 06- 16","118,900","117,300","119,800","116,300","4.21M","-0.08%"
"2023- 06- 15","119,000","120,200","121,100","118,000","3.73M","0.17%"
"2023- 06- 14","118,800","118,800","119,700","118,100","3.14M","-0.59%"
"2023- 06- 13","119,500","117,000","120,100","117,000","5.90M","4.09%"
"2023- 06- 12","114,800","114,400","115,800","114,000","2.63M","-0.52%"
"2023- 06- 11","115,400","115,400","115,400","115,400","","0.00%"
"2023- 06- 09","115,400","110,300","115,600","108,300","7.12M","5.20%"
"2023- 06- 08","109,700","107,000","109,700","106,700","4.05M","1.57%"
"2023- 06- 07","108,000","108,700","109,300","108,000","2.70M","-0.64%"
"2023- 06- 06","108,700","108,700","108,700","108,700","","0.00%"
"2023- 06- 05","108,700","110,100","110,500","108,500","3.08M","-1.45%"
"2023- 06- 04","110,300","110,300","110,300","110,300","","0.00%"
"2023- 06- 02","110,300","111,000","112,700","109,200","3.50M","0.00%"
"2023- 06- 01","110,300","106,000","110,500","106,000","5.51M","1.57%"
"2023- 05- 31","108,600","110,000","110,900","108,500","7.84M","-1.54%"
"2023- 05- 30","110,300","113,200","113,400","109,500","8.55M","1.01%"
"2023- 05- 29","109,200","109,200","109,200","109,200","","0.00%"
"2023- 05- 26","109,200","107,500","110,500","106,100","9.89M","5.51%"
"2023- 05- 25","103,500","104,300","104,300","101,100","7.39M","5.94%"
"2023- 05- 24","97,700","97,400","97,800","96,300","2.08M","-0.20%"
"2023- 05- 23","97,900","99,000","99,000","97,000","2.47M","-0.31%"
"2023- 05- 22","98,200","97,700","99,400","97,100","3.93M","0.92%"
"2023- 05- 21","97,300","97,300","97,300","97,300","","0.00%"
"2023- 05- 19","97,300","95,000","97,900","94,900","4.91M","3.95%"
"2023- 05- 18","93,600","92,800","94,000","92,000","3.43M","1.85%"
"2023- 05- 17","91,900","92,000","92,000","90,300","3.34M","1.66%"
"2023- 05- 16","90,400","89,500","90,700","88,500","5.10M","4.63%"
"2023- 05- 15","86,400","87,000","87,100","85,500","2.35M","-0.92%"
"2023- 05- 14","87,200","87,200","87,200","87,200","","0.00%"
"2023- 05- 12","87,200","86,300","87,600","86,200","2.65M","1.04%"
"2023- 05- 11","86,300","86,900","87,300","85,000","2.76M","-0.69%"
"2023- 05- 10","86,900","87,200","87,700","86,300","2.13M","-0.46%"
"2023- 05- 09","87,300","88,400","88,600","86,700","2.22M","-1.58%"
"2023- 05- 08","88,700","89,700","90,000","87,700","2.56M","0.00%"
"2023- 05- 07","88,700","88,700","88,700","88,700","","0.00%"
"2023- 05- 04","88,700","88,900","89,600","87,500","1.78M","-1.22%"
"2023- 05- 03","89,800","89,000","90,300","88,600","1.77M","-0.44%"
"2023- 05- 02","90,200","90,900","90,900","88,900","2.39M","0.78%"
"2023- 05- 01","89,500","89,500","89,500","89,500","","0.00%"
"2023- 04- 28","89,500","90,800","91,400","88,700","3.71M","0.79%"
"2023- 04- 27","88,800","87,900","89,200","86,000","2.93M","1.60%"
"2023- 04- 26","87,400","86,400","88,700","86,200","3.23M","2.22%"
"2023- 04- 25","85,500","87,500","87,800","83,700","3.38M","-1.95%"
"2023- 04- 24","87,200","88,100","88,800","87,000","2.05M","-2.13%"
"2023- 04- 23","89,100","89,100","89,100","89,100","","0.00%"
"2023- 04- 21","89,100","87,700","89,800","87,200","2.58M","1.60%"
"2023- 04- 20","87,700","86,600","88,400","86,200","1.71M","-0.57%"
"2023- 04- 19","88,200","88,000","88,500","86,600","2.02M","0.68%"
"2023- 04- 18","87,600","89,300","89,300","87,300","1.76M","-1.02%"
"2023- 04- 17","88,500","89,000","89,000","87,700","1.87M","-0.90%"
"2023- 04- 16","89,300","89,300","89,300","89,300","","0.00%"
"2023- 04- 14","89,300","90,100","90,300","88,600","2.32M","0.68%"
"2023- 04- 13","88,700","89,500","90,300","88,200","4.79M","-1.77%"
"2023- 04- 12","90,300","91,900","92,000","89,700","4.09M","-1.63%"
"2023- 04- 11","91,800","90,700","92,200","89,900","4.93M","1.21%"
"2023- 04- 10","90,700","88,700","92,500","88,500","5.38M","1.80%"
"2023- 04- 09","89,100","89,100","89,100","89,100","","0.00%"
"2023- 04- 07","89,100","87,900","89,400","86,000","10.86M","6.32%"
"2023- 04- 06","83,800","83,900","84,700","82,700","4.88M","-0.95%"
"2023- 04- 05","84,600","84,300","85,700","84,100","3.13M","0.12%"
"2023- 04- 04","84,500","85,700","85,900","83,700","8.83M","-3.10%"
"2023- 04- 03","87,200","89,700","89,700","86,600","2.31M","-1.58%"
"2023- 04- 02","88,600","88,600","88,600","88,600","","0.00%"
"2023- 03- 31","88,600","89,200","89,500","87,600","2.67M","-0.23%"
"2023- 03- 30","88,800","89,900","90,500","87,700","4.26M","2.19%"
"2023- 03- 29","86,900","87,400","88,700","86,500","3.04M","-1.70%"
"2023- 03- 28","88,400","85,300","88,700","85,200","2.97M","3.39%"
"2023- 03- 27","85,500","87,500","87,800","84,700","3.05M","-2.06%"
"2023- 03- 26","87,300","87,300","87,300","87,300","","0.00%"
"2023- 03- 24","87,300","89,100","90,700","86,700","4.03M","-1.36%"
"2023- 03- 23","88,500","85,400","88,500","85,100","3.07M","1.84%"
"2023- 03- 22","86,900","85,200","87,300","83,800","2.61M","3.95%"
"2023- 03- 21","83,600","84,100","85,100","82,900","1.88M","-0.12%"
"2023- 03- 20","83,700","83,800","85,100","83,000","2.21M","-0.36%"
"2023- 03- 19","84,000","84,000","84,000","84,000","","0.00%"
"2023- 03- 17","84,000","81,200","84,800","81,100","6.17M","6.33%"
"2023- 03- 16","79,000","76,700","80,200","76,700","4.73M","-0.13%"
"2023- 03- 15","79,100","81,900","82,300","78,800","5.03M","-2.47%"
"2023- 03- 14","81,100","82,600","83,000","81,100","3.26M","-3.80%"
"2023- 03- 13","84,300","83,200","84,700","82,400","2.43M","1.20%"
"2023- 03- 12","83,300","83,300","83,300","83,300","","0.00%"
"2023- 03- 10","83,300","83,800","84,400","83,100","3.55M","-2.69%"
"2023- 03- 09","85,600","87,300","87,800","85,300","3.29M","-1.38%"
"2023- 03- 08","86,800","87,700","87,800","86,400","2.76M","-2.36%"
"2023- 03- 07","88,900","89,700","90,000","88,800","1.56M","-0.89%"
"2023- 03- 06","89,700","87,900","89,800","87,500","2.37M","2.75%"
"2023- 03- 05","87,300","87,300","87,300","87,300","","0.00%"
"2023- 03- 03","87,300","88,500","89,200","87,200","2.23M","-0.91%"
"2023- 03- 02","88,100","89,400","90,300","87,500","2.73M","-1.45%"
"2023- 03- 01","89,400","89,400","89,400","89,400","","0.00%"
"2023- 02- 28","89,400","91,000","91,000","88,700","2.01M","-0.67%"
"2023- 02- 27","90,000","90,100","90,300","89,100","1.88M","-1.10%"
"2023- 02- 26","91,000","91,000","91,000","91,000","","0.00%"
"2023- 02- 24","91,000","93,500","94,000","91,000","2.34M","-1.83%"
"2023- 02- 23","92,700","90,000","93,700","89,600","3.65M","4.04%"
"2023- 02- 22","89,100","89,900","90,300","88,500","2.30M","-2.30%"
"2023- 02- 21","91,200","92,500","92,600","90,900","1.45M","-1.41%"
"2023- 02- 20","92,500","92,700","93,300","90,700","1.67M","0.54%"
"2023- 02- 19","92,000","92,000","92,000","92,000","","0.00%"
"2023- 02- 17","92,000","91,400","92,700","90,900","1.59M","-0.97%"
"2023- 02- 16","92,900","91,900","93,400","91,600","1.81M","1.31%"
"2023- 02- 15","91,700","93,800","94,200","91,200","1.79M","-1.82%"
"2023- 02- 14","93,400","91,800","93,500","91,600","2.16M","3.09%"
"2023- 02- 13","90,600","92,000","92,000","89,900","3.10M","-3.10%"
"2023- 02- 12","93,500","93,500","93,500","93,500","","0.00%"
"2023- 02- 10","93,500","94,300","94,700","93,100","1.97M","-0.95%"
"2023- 02- 09","94,400","94,800","94,800","92,600","2.64M","-0.53%"
"2023- 02- 08","94,900","91,700","95,000","91,600","3.77M","4.52%"
"2023- 02- 07","90,800","88,800","91,200","88,800","2.16M","1.91%"
"2023- 02- 06","89,100","91,400","92,000","89,100","2.79M","-3.36%"
"2023- 02- 05","92,200","92,200","92,200","92,200","","0.00%"
"2023- 02- 03","92,200","92,400","93,200","91,300","2.36M","-1.28%"
"2023- 02- 02","93,400","94,900","94,900","92,700","4.34M","2.19%"
"2023- 02- 01","91,400","91,200","91,400","88,500","3.77M","3.28%"
"2023- 01- 31","88,500","90,800","90,800","86,800","5.09M","-2.43%"
"2023- 01- 30","90,700","91,300","91,600","90,000","2.44M","-0.87%"
"2023- 01- 29","91,500","91,500","91,500","91,500","","0.00%"
"2023- 01- 27","91,500","91,300","92,800","90,300","2.33M","-0.87%"
"2023- 01- 26","92,300","90,800","92,300","90,100","2.32M","0.98%"
"2023- 01- 25","91,400","92,000","92,000","90,600","3.61M","4.34%"
"2023- 01- 20","87,600","86,300","87,800","86,100","2.35M","2.46%"
"2023- 01- 19","85,500","84,000","85,800","84,000","1.67M","0.47%"
"2023- 01- 18","85,100","86,400","86,500","84,500","1.49M","-1.05%"
"2023- 01- 17","86,000","86,400","87,200","85,700","1.57M","0.23%"
"2023- 01- 16","85,800","86,000","86,500","84,900","1.51M","0.12%"
"2023- 01- 15","85,700","85,700","85,700","85,700","","0.00%"
"2023- 01- 13","85,700","86,800","87,500","85,400","2.03M","-1.27%"
"2023- 01- 12","86,800","88,100","88,100","85,800","3.02M","-0.57%"
"2023- 01- 11","87,300","87,800","88,400","86,500","3.08M","0.92%"
"2023- 01- 10","86,500","85,500","87,200","85,000","3.09M","0.58%"
"2023- 01- 09","86,000","84,900","86,000","83,500","3.94M","3.49%"
"2023- 01- 08","83,100","83,100","83,100","83,100","","0.00%"
"2023- 01- 06","83,100","81,400","83,600","81,100","3.68M","2.09%"
"2023- 01- 05","81,400","83,300","83,300","80,800","3.38M","0.49%"
"2023- 01- 04","81,000","75,400","81,900","75,200","5.14M","7.14%"
"2023- 01- 03","75,600","75,600","76,300","73,100","2.71M","-0.13%"
"2023- 01- 02","75,700","75,100","76,700","75,000","1.37M","0.93%"
"2022- 12- 29","75,000","75,200","75,600","74,700","1.70M","-1.32%"
"2022- 12- 28","76,000","76,800","77,000","75,400","1.87M","-1.30%"
"2022- 12- 27","77,000","77,500","77,600","76,500","1.68M","0.00%"
"2022- 12- 26","77,000","77,700","77,700","76,500","1.41M","-1.03%"
"2022- 12- 25","77,800","77,800","77,800","77,800","","0.00%"
"2022- 12- 23","77,800","77,800","78,300","77,300","1.54M","-1.77%"
"2022- 12- 22","79,200","78,500","79,300","77,900","2.06M","1.54%"
"2022- 12- 21","78,000","78,500","79,200","78,000","1.50M","-0.38%"
"2022- 12- 20","78,300","78,200","78,900","77,800","1.34M","-0.89%"
"2022- 12- 19","79,000","78,300","80,100","78,300","1.81M","0.77%"
"2022- 12- 18","78,400","78,400","78,400","78,400","","0.00%"
"2022- 12- 16","78,400","77,700","79,400","77,500","3.68M","-2.24%"
"2022- 12- 15","80,200","80,600","81,100","79,900","1.69M","-1.96%"
"2022- 12- 14","81,800","82,100","82,600","81,100","2.17M","-0.61%"
"2022- 12- 13","82,300","81,300","82,700","80,500","2.35M","1.48%"
"2022- 12- 12","81,100","80,100","81,300","79,500","1.23M","-0.49%"
"2022- 12- 11","81,500","81,500","81,500","81,500","","0.00%"
"2022- 12- 09","81,500","79,400","81,500","79,300","2.97M","3.43%"
"2022- 12- 08","78,800","78,200","79,800","78,200","3.77M","-0.13%"
"2022- 12- 07","78,900","79,900","80,700","78,700","3.55M","-2.59%"
"2022- 12- 06","81,000","79,900","81,100","79,800","2.67M","0.00%"
"2022- 12- 05","81,000","81,900","82,300","80,700","3.47M","-1.10%"
"2022- 12- 04","81,900","81,900","81,900","81,900","","0.00%"
"2022- 12- 02","81,900","83,900","83,900","81,800","4.41M","-3.31%"
"2022- 12- 01","84,700","87,300","87,300","84,600","2.87M","-0.35%"
"2022- 11- 30","85,000","83,200","85,400","83,100","3.28M","1.55%"
"2022- 11- 29","83,700","82,700","83,800","82,100","1.50M","0.72%"
"2022- 11- 28","83,100","84,100","84,200","82,900","2.47M","-2.35%"
"2022- 11- 27","85,100","85,100","85,100","85,100","","0.00%"
"2022- 11- 25","85,100","87,200","87,300","85,100","1.43M","-2.07%"
"2022- 11- 24","86,900","86,900","87,200","85,700","1.65M","2.00%"
"2022- 11- 23","85,200","86,100","86,700","84,900","1.47M","0.00%"
"2022- 11- 22","85,200","85,500","86,600","84,900","1.60M","-1.27%"
"2022- 11- 21","86,300","87,600","87,700","86,100","2.09M","-2.38%"
"2022- 11- 20","88,400","88,400","88,400","88,400","","0.00%"
"2022- 11- 18","88,400","88,700","91,500","88,100","2.85M","0.80%"
"2022- 11- 17","87,700","82,400","88,500","82,000","3.70M","-4.15%"
"2022- 11- 16","91,500","92,000","92,400","90,300","2.31M","-0.11%"
"2022- 11- 15","91,600","91,300","92,100","90,400","2.45M","0.77%"
"2022- 11- 14","90,900","93,900","93,900","90,900","2.47M","-2.78%"
"2022- 11- 13","93,500","93,500","93,500","93,500","","0.00%"
"2022- 11- 11","93,500","95,200","95,300","92,500","4.91M","4.94%"
"2022- 11- 10","89,100","89,000","90,800","88,300","3.34M","-0.11%"
"2022- 11- 09","89,200","88,100","89,200","86,600","2.61M","1.71%"
"2022- 11- 08","87,700","87,600","89,000","87,400","2.79M","1.39%"
"2022- 11- 07","86,500","85,400","86,800","85,000","2.74M","2.37%"
"2022- 11- 06","84,500","84,500","84,500","84,500","","0.00%"
"2022- 11- 04","84,500","82,700","84,600","81,700","3.02M","2.18%"
"2022- 11- 03","82,700","82,600","83,500","81,900","2.89M","-2.13%"
"2022- 11- 02","84,500","84,200","85,500","83,600","2.51M","0.72%"
"2022- 11- 01","83,900","82,700","83,900","81,400","3.71M","1.45%"
"2022- 10- 31","82,700","84,300","85,400","82,400","6.19M","-0.84%"
"2022- 10- 30","83,400","83,400","83,400","83,400","","0.00%"
"2022- 10- 28","83,400","87,100","87,800","83,000","7.59M","-7.33%"
"2022- 10- 27","90,000","95,100","95,100","89,800","4.53M","-4.15%"
"2022- 10- 26","93,900","93,300","95,500","93,200","3.29M","0.43%"
"2022- 10- 25","93,500","91,900","94,800","91,000","2.65M","1.85%"
"2022- 10- 24","91,800","92,200","93,100","91,200","2.16M","1.44%"
"2022- 10- 23","90,500","90,500","90,500","90,500","","0.00%"
"2022- 10- 21","90,500","89,800","91,400","89,700","2.20M","0.33%"
"2022- 10- 20","90,200","91,000","91,800","89,000","4.49M","-2.91%"
"2022- 10- 19","92,900","94,700","94,900","92,700","3.60M","-3.03%"
"2022- 10- 18","95,800","95,900","96,200","94,600","2.59M","0.63%"
"2022- 10- 17","95,200","94,600","95,300","94,000","1.93M","-0.31%"
"2022- 10- 16","95,500","95,500","95,500","95,500","","0.00%"
"2022- 10- 14","95,500","96,000","96,600","94,300","3.12M","0.63%"
"2022- 10- 13","94,900","93,400","94,900","92,800","4.18M","0.96%"
"2022- 10- 12","94,000","91,000","94,000","90,900","4.64M","4.21%"
"2022- 10- 11","90,200","89,700","91,200","88,000","3.81M","-1.10%"
"2022- 10- 10","91,200","91,200","91,200","91,200","","0.00%"
"2022- 10- 07","91,200","89,600","91,800","87,800","2.41M","1.45%"
"2022- 10- 06","89,900","90,900","92,000","89,800","2.68M","0.11%"
"2022- 10- 05","89,800","90,000","90,400","88,100","5.80M","4.18%"
"2022- 10- 04","86,200","85,200","87,200","85,200","4.13M","3.73%"
"2022- 10- 03","83,100","83,100","83,100","83,100","","0.00%"
"2022- 09- 30","83,100","80,900","83,900","80,400","4.63M","2.85%"
"2022- 09- 29","80,800","82,500","82,900","80,500","2.04M","-0.49%"
"2022- 09- 28","81,200","81,900","83,500","80,500","3.03M","-0.98%"
"2022- 09- 27","82,000","82,200","82,700","80,700","2.57M","-0.61%"
"2022- 09- 26","82,500","81,500","83,200","81,500","2.81M","-1.20%"
"2022- 09- 25","83,500","83,500","83,500","83,500","","0.00%"
"2022- 09- 23","83,500","85,500","86,600","83,300","3.90M","-2.91%"
"2022- 09- 22","86,000","86,300","86,900","85,900","2.17M","-2.27%"
"2022- 09- 21","88,000","87,500","88,500","86,300","2.93M","0.00%"
"2022- 09- 20","88,000","89,000","90,600","87,500","4.23M","-2.22%"
"2022- 09- 19","90,000","90,800","91,500","90,000","1.96M","-1.32%"
"2022- 09- 18","91,200","91,200","91,200","91,200","","0.00%"
"2022- 09- 16","91,200","90,900","91,400","90,000","2.21M","-0.87%"
"2022- 09- 15","92,000","92,900","93,000","91,500","1.73M","-1.08%"
"2022- 09- 14","93,000","91,700","93,400","91,300","2.39M","-1.90%"
"2022- 09- 13","94,800","91,700","95,200","91,700","3.27M","4.87%"
"2022- 09- 12","90,400","90,400","90,400","90,400","","0.00%"
"2022- 09- 08","90,400","90,500","91,000","90,000","1.97M","0.00%"
"2022- 09- 07","90,400","91,100","91,100","89,900","2.04M","-1.53%"
"2022- 09- 06","91,800","91,900","92,900","91,100","1.38M","0.77%"
"2022- 09- 05","91,100","91,800","92,400","90,400","1.70M","-0.65%"
"2022- 09- 04","91,700","91,700","91,700","91,700","","0.00%"
"2022- 09- 02","91,700","92,700","93,300","91,600","2.03M","-0.76%"
"2022- 09- 01","92,400","93,900","93,900","92,300","2.30M","-2.94%"
"2022- 08- 31","95,200","92,600","95,500","92,100","2.31M","2.15%"
"2022- 08- 30","93,200","92,700","93,400","92,400","1.58M","0.76%"
"2022- 08- 29","92,500","92,700","93,300","92,000","2.61M","-2.73%"
"2022- 08- 28","95,100","95,100","95,100","95,100","","0.00%"
"2022- 08- 26","95,100","95,400","96,800","94,700","2.29M","1.06%"
"2022- 08- 25","94,100","93,600","94,100","92,100","2.07M","0.97%"
"2022- 08- 24","93,200","93,900","94,200","93,000","1.44M","-0.43%"
"2022- 08- 23","93,600","94,100","95,400","93,600","1.82M","-1.68%"
"2022- 08- 22","95,200","95,200","95,600","94,000","2.29M","-1.24%"
"2022- 08- 21","96,400","96,400","96,400","96,400","","0.00%"
"2022- 08- 19","96,400","97,000","97,500","95,900","1.88M","0.73%"
"2022- 08- 18","95,700","95,900","96,400","95,300","1.88M","-1.44%"